Période;Capteurs;Vitesse;Production;Accumulation
0;sensor_network;9.677;484.6936833333333;50.08937777777778
0;sensor_zone_1_1;0.0;0.0;0.0
0;sensor_zone_1_2;0.0;0.0;0.0
0;sensor_zone_1_3;0.0;0.0;0.0
0;sensor_zone_2_1;0.0;0.0;0.0
0;sensor_zone_2_2;0.0;0.0;0.0
0;sensor_zone_2_3;0.0;0.0;0.0
0;sensor_zone_3_1;0.0;0.0;0.0
0;sensor_zone_3_2;0.0;0.0;0.0
0;sensor_zone_3_3;0.0;0.0;0.0
1;sensor_network;9.474;1435.7284;151.54144444444444
1;sensor_zone_1_1;9.95;19.036083333333334;1.913188888888889
1;sensor_zone_1_2;10.021;26.815866666666665;2.6760944444444443
1;sensor_zone_1_3;9.972;21.300955555555557;2.1360444444444444
1;sensor_zone_2_1;9.248;11.355161111111112;1.2278444444444445
1;sensor_zone_2_2;0.0;0.0;0.0
1;sensor_zone_2_3;9.063;14.790677777777779;1.6320055555555557
1;sensor_zone_3_1;10.073;8.129594444444445;0.8070722222222222
1;sensor_zone_3_2;9.649;19.013955555555558;1.9705166666666665
1;sensor_zone_3_3;9.94;21.323444444444444;2.145311111111111
2;sensor_network;9.429;2294.6245944444445;243.34864444444446
2;sensor_zone_1_1;9.899;147.8275111111111;14.934
2;sensor_zone_1_2;8.828;136.42149999999998;15.4531
2;sensor_zone_1_3;10.058;149.79686111111113;14.893133333333335
2;sensor_zone_2_1;8.576;142.87625;16.65940555555556
2;sensor_zone_2_2;0.0;0.0;0.0
2;sensor_zone_2_3;8.924;82.05940555555556;9.194977777777778
2;sensor_zone_3_1;9.999;102.25805;10.226605555555555
2;sensor_zone_3_2;8.53;100.85975555555557;11.82381111111111
2;sensor_zone_3_3;9.946;92.71618333333333;9.322422222222222
3;sensor_network;9.175;3197.597061111111;348.51553333333334
3;sensor_zone_1_1;9.903;190.11575555555558;19.198249999999998
3;sensor_zone_1_2;8.367;254.84357777777777;30.458599999999997
3;sensor_zone_1_3;9.851;148.3304111111111;15.056816666666666
3;sensor_zone_2_1;8.631;254.69204444444443;29.50852222222222
3;sensor_zone_2_2;7.134;46.02587222222222;6.451944444444444
3;sensor_zone_2_3;9.207;280.8519111111111;30.505816666666664
3;sensor_zone_3_1;9.918;114.43333333333334;11.537555555555556
3;sensor_zone_3_2;8.428;187.80967222222222;22.284955555555555
3;sensor_zone_3_3;9.84;145.24916666666667;14.761194444444444
4;sensor_network;8.898;3991.3439166666667;448.54380000000003
4;sensor_zone_1_1;9.907;194.98102222222224;19.681494444444443
4;sensor_zone_1_2;7.806;234.46425000000002;30.037755555555556
4;sensor_zone_1_3;9.94;132.49557777777778;13.330177777777777
4;sensor_zone_2_1;9.128;344.02630555555555;37.68847777777778
4;sensor_zone_2_2;7.646;500.3172055555555;65.43352777777778
4;sensor_zone_2_3;8.36;295.65414444444446;35.36371666666667
4;sensor_zone_3_1;9.982;173.35332222222223;17.365894444444443
4;sensor_zone_3_2;8.632;291.5267222222222;33.77453333333334
4;sensor_zone_3_3;9.891;139.4145;14.095600000000001
5;sensor_network;8.499;4772.765866666667;561.5475111111111
5;sensor_zone_1_1;9.868;178.2449888888889;18.063766666666666
5;sensor_zone_1_2;8.462;376.1954666666666;44.457655555555554
5;sensor_zone_1_3;9.926;142.05564444444445;14.311544444444444
5;sensor_zone_2_1;8.611;363.24562777777777;42.181888888888885
5;sensor_zone_2_2;7.144;956.2141277777778;133.84061111111112
5;sensor_zone_2_3;7.846;279.36826666666667;35.60554444444444
5;sensor_zone_3_1;9.889;175.30738333333335;17.726666666666667
5;sensor_zone_3_2;8.319;343.89712777777777;41.33971666666667
5;sensor_zone_3_3;9.876;102.57995;10.38665
6;sensor_network;8.4;5508.706372222222;655.7981888888888
6;sensor_zone_1_1;9.655;235.45043888888887;24.3863
6;sensor_zone_1_2;8.058;489.61845;60.76215
6;sensor_zone_1_3;9.194;254.2083111111111;27.648783333333334
6;sensor_zone_2_1;8.422;357.46310555555556;42.44385555555556
6;sensor_zone_2_2;6.863;1027.4599944444444;149.71263333333334
6;sensor_zone_2_3;8.111;386.9456555555555;47.706244444444444
6;sensor_zone_3_1;9.371;228.96286666666666;24.433344444444447
6;sensor_zone_3_2;8.513;436.1252666666666;51.233127777777774
6;sensor_zone_3_3;9.66;178.7176111111111;18.501716666666667
7;sensor_network;8.304;7276.888677777778;876.2950611111112
7;sensor_zone_1_1;9.317;281.94390555555555;30.262355555555555
7;sensor_zone_1_2;7.792;462.3057833333333;59.329505555555556
7;sensor_zone_1_3;8.64;362.18746666666664;41.9199
7;sensor_zone_2_1;8.086;538.2910388888889;66.57046666666666
7;sensor_zone_2_2;6.8;1038.1676277777779;152.66985
7;sensor_zone_2_3;7.669;403.9702888888889;52.672494444444446
7;sensor_zone_3_1;9.019;310.6188888888889;34.43901666666667
7;sensor_zone_3_2;7.777;503.37037777777783;64.72421111111112
7;sensor_zone_3_3;9.436;372.3461222222222;39.46225
8;sensor_network;8.427;9839.507183333333;1167.6081388888888
8;sensor_zone_1_1;9.448;388.9339111111112;41.16751666666667
8;sensor_zone_1_2;8.042;500.63297222222224;62.24917222222223
8;sensor_zone_1_3;8.78;470.4273944444444;53.58063333333333
8;sensor_zone_2_1;7.733;574.5144166666666;74.29842777777777
8;sensor_zone_2_2;6.765;1084.6924666666666;160.35000555555555
8;sensor_zone_2_3;8.087;488.37955;60.389577777777774
8;sensor_zone_3_1;8.925;379.95013888888883;42.57153888888889
8;sensor_zone_3_2;7.338;507.31989444444446;69.1364
8;sensor_zone_3_3;9.492;416.1595722222222;43.842305555555555
9;sensor_network;8.379;11741.425927777776;1401.3289944444446
9;sensor_zone_1_1;9.258;628.6708611111111;67.90562222222222
9;sensor_zone_1_2;7.785;818.9600555555555;105.20221111111111
9;sensor_zone_1_3;9.004;588.6687666666667;65.37518888888889
9;sensor_zone_2_1;7.906;831.2314222222221;105.14032777777777
9;sensor_zone_2_2;6.802;1071.2929277777778;157.49022222222223
9;sensor_zone_2_3;8.085;808.1888888888889;99.96313888888889
9;sensor_zone_3_1;9.12;465.66066666666666;51.058150000000005
9;sensor_zone_3_2;8.072;799.8451222222222;99.09182222222222
9;sensor_zone_3_3;9.254;507.42040555555553;54.83519444444444
10;sensor_network;8.316;12935.631255555556;1555.5567388888887
10;sensor_zone_1_1;9.168;714.6242944444444;77.9439
10;sensor_zone_1_2;7.926;1076.1233944444446;135.77674444444443
10;sensor_zone_1_3;9.153;647.4511111111111;70.73401666666666
10;sensor_zone_2_1;7.85;1003.1817833333333;127.7986611111111
10;sensor_zone_2_2;6.815;1063.7835277777779;156.08707222222222
10;sensor_zone_2_3;7.939;968.8992666666666;122.03710555555556
10;sensor_zone_3_1;9.163;581.8268722222222;63.496805555555554
10;sensor_zone_3_2;7.792;931.0461833333333;119.48022222222221
10;sensor_zone_3_3;9.088;591.9869555555556;65.14231666666667
11;sensor_network;8.205;14249.63855;1736.6972055555555
11;sensor_zone_1_1;9.32;603.0359666666667;64.7056
11;sensor_zone_1_2;8.085;1099.2093055555556;135.95487222222224
11;sensor_zone_1_3;8.73;562.308261111111;64.40828888888889
11;sensor_zone_2_1;7.794;1158.543111111111;148.65069444444444
11;sensor_zone_2_2;6.68;1784.7290777777778;267.1696277777778
11;sensor_zone_2_3;7.867;953.5960666666666;121.22150555555555
11;sensor_zone_3_1;9.274;638.5805722222223;68.85404444444444
11;sensor_zone_3_2;8.043;1005.8641166666666;125.05799999999999
11;sensor_zone_3_3;8.973;647.8960222222222;72.20774444444444
12;sensor_network;8.037;15172.805455555555;1887.7565055555553
12;sensor_zone_1_1;9.279;646.70425;69.69381666666666
12;sensor_zone_1_2;7.803;1049.5317277777779;134.50289444444445
12;sensor_zone_1_3;8.894;683.9822555555555;76.90217222222222
12;sensor_zone_2_1;7.997;1163.9657722222223;145.55060555555556
12;sensor_zone_2_2;6.355;2495.9585722222223;392.7477777777778
12;sensor_zone_2_3;8.037;1044.2006055555555;129.92870555555555
12;sensor_zone_3_1;9.304;646.5005444444445;69.48276666666666
12;sensor_zone_3_2;8.105;1029.4373055555554;127.01783888888889
12;sensor_zone_3_3;9.232;629.4130055555555;68.17651666666666
13;sensor_network;7.877;16189.515872222222;2055.2409666666667
13;sensor_zone_1_1;8.722;704.2808888888889;80.75106111111111
13;sensor_zone_1_2;7.904;1156.9620055555556;146.37059444444444
13;sensor_zone_1_3;8.725;747.69535;85.6995
13;sensor_zone_2_1;7.959;1215.23035;152.68284444444444
13;sensor_zone_2_2;6.071;2522.6191333333336;415.5089222222222
13;sensor_zone_2_3;7.83;1226.9062722222222;156.7018
13;sensor_zone_3_1;9.066;674.200011111111;74.36767777777779
13;sensor_zone_3_2;7.73;1154.4384333333333;149.35475
13;sensor_zone_3_3;9.077;655.2326666666667;72.18788888888889
14;sensor_network;7.808;17287.57882222222;2214.1578722222225
14;sensor_zone_1_1;8.647;817.6069555555556;94.55318333333334
14;sensor_zone_1_2;7.657;1340.3515277777778;175.0482111111111
14;sensor_zone_1_3;8.526;838.6396944444443;98.35755555555556
14;sensor_zone_2_1;7.514;1207.4337500000001;160.69927222222222
14;sensor_zone_2_2;6.18;2531.5133833333334;409.6354444444445
14;sensor_zone_2_3;7.442;1235.245327777778;165.97220555555555
14;sensor_zone_3_1;8.426;778.8327944444444;92.43343333333334
14;sensor_zone_3_2;7.616;1287.5043833333332;169.0484111111111
14;sensor_zone_3_3;8.636;1037.8258055555555;120.17874444444443
15;sensor_network;7.757;18356.715977777778;2366.412538888889
15;sensor_zone_1_1;8.629;916.5139666666666;106.21643888888889
15;sensor_zone_1_2;7.457;1279.69135;171.60875555555555
15;sensor_zone_1_3;8.47;959.7179444444445;113.30935555555556
15;sensor_zone_2_1;7.521;1240.0275666666666;164.8840111111111
15;sensor_zone_2_2;6.428;2677.2586277777777;416.52551111111114
15;sensor_zone_2_3;7.308;1259.1549666666667;172.30282777777776
15;sensor_zone_3_1;8.706;963.4534222222222;110.66094444444445
15;sensor_zone_3_2;7.338;1212.6648166666666;165.26312222222222
15;sensor_zone_3_3;8.719;1164.0976;133.51312777777778
16;sensor_network;7.739;19279.64476111111;2491.121238888889
16;sensor_zone_1_1;8.791;930.3526277777778;105.83577777777776
16;sensor_zone_1_2;7.463;1191.4111444444445;159.65000555555557
16;sensor_zone_1_3;8.709;998.5428222222223;114.6620611111111
16;sensor_zone_2_1;7.719;1246.358761111111;161.4624611111111
16;sensor_zone_2_2;6.366;2575.3318444444444;404.55241666666666
16;sensor_zone_2_3;7.411;1374.989011111111;185.52179999999998
16;sensor_zone_3_1;8.742;1010.3801277777778;115.57374444444446
16;sensor_zone_3_2;7.489;1264.1095055555556;168.79810555555557
16;sensor_zone_3_3;8.715;1061.76195;121.83023333333333
17;sensor_network;7.9;20903.663266666666;2646.162838888889
17;sensor_zone_1_1;8.757;963.0647388888889;109.97131666666667
17;sensor_zone_1_2;7.525;1247.2822555555556;165.74615
17;sensor_zone_1_3;8.659;940.8464611111111;108.6491388888889
17;sensor_zone_2_1;7.478;1195.3740555555555;159.84686666666667
17;sensor_zone_2_2;6.55;2645.2573777777775;403.86805555555554
17;sensor_zone_2_3;7.538;1351.415261111111;179.27456666666666
17;sensor_zone_3_1;8.577;1013.9463222222222;118.21589444444444
17;sensor_zone_3_2;7.777;1333.8596333333332;171.51386666666667
17;sensor_zone_3_3;8.771;1035.4732444444444;118.05012777777779
18;sensor_network;7.954;22847.34425;2872.4620944444446
18;sensor_zone_1_1;8.776;1075.6794277777776;122.56618888888889
18;sensor_zone_1_2;7.15;1201.2134;167.99362777777776
18;sensor_zone_1_3;8.906;1004.4890055555557;112.78256111111112
18;sensor_zone_2_1;7.637;1264.4561277777777;165.58020555555555
18;sensor_zone_2_2;6.344;2695.6657277777776;424.8831944444445
18;sensor_zone_2_3;7.407;1357.7374;183.31211666666664
18;sensor_zone_3_1;8.852;1154.9348777777777;130.47088888888888
18;sensor_zone_3_2;7.631;1359.33005;178.12255555555555
18;sensor_zone_3_3;8.901;1098.034411111111;123.36605
19;sensor_network;8.028;24795.53812222222;3088.571205555556
19;sensor_zone_1_1;8.871;1264.6596444444444;142.56584444444445
19;sensor_zone_1_2;7.616;1458.6610777777778;191.53534444444446
19;sensor_zone_1_3;8.976;1164.8792555555556;129.7789888888889
19;sensor_zone_2_1;7.853;1701.1421444444445;216.61731666666665
19;sensor_zone_2_2;6.567;2585.7050333333336;393.7220722222222
19;sensor_zone_2_3;7.49;1625.8684555555556;217.06797777777777
19;sensor_zone_3_1;8.97;1257.4343;140.18705555555556
19;sensor_zone_3_2;7.517;1635.0046833333333;217.51154444444444
19;sensor_zone_3_3;8.655;1244.1714333333334;143.75808333333333
20;sensor_network;7.989;26671.275222222223;3338.6985666666665
20;sensor_zone_1_1;8.872;1413.7548777777777;159.35484444444444
20;sensor_zone_1_2;7.544;1838.7204944444445;243.7452888888889
20;sensor_zone_1_3;8.926;1153.8498166666666;129.2624388888889
20;sensor_zone_2_1;7.582;2097.382077777778;276.6231055555555
20;sensor_zone_2_2;6.575;2722.2614722222224;414.0116055555556
20;sensor_zone_2_3;7.576;1723.5375555555556;227.48632777777777
20;sensor_zone_3_1;9.167;1321.91095;144.20705555555557
20;sensor_zone_3_2;7.402;1748.9939388888888;236.29267777777778
20;sensor_zone_3_3;8.657;1218.1913555555554;140.71554444444445
21;sensor_network;7.916;28475.28791111111;3597.3139166666665
21;sensor_zone_1_1;8.961;1439.7086388888888;160.6568388888889
21;sensor_zone_1_2;7.743;2087.9547722222223;269.6569333333333
21;sensor_zone_1_3;8.829;1297.4319444444445;146.95282777777777
21;sensor_zone_2_1;7.569;2099.3849777777777;277.3507666666667
21;sensor_zone_2_2;6.3;3451.8224111111113;547.8788388888889
21;sensor_zone_2_3;7.531;1673.6768222222222;222.2244
21;sensor_zone_3_1;9.145;1246.1445444444446;136.26778333333334
21;sensor_zone_3_2;7.655;1911.3271777777777;249.68342777777778
21;sensor_zone_3_3;8.855;1353.0319722222223;152.79330555555555
22;sensor_network;7.588;28875.10093888889;3805.4212777777775
22;sensor_zone_1_1;8.86;1357.9172666666668;153.26388888888889
22;sensor_zone_1_2;7.558;2109.8014555555555;279.1549444444444
22;sensor_zone_1_3;8.818;1430.6008833333335;162.23008333333334
22;sensor_zone_2_1;7.331;2033.1842000000001;277.3473388888889
22;sensor_zone_2_2;5.317;3573.954116666667;672.1736611111112
22;sensor_zone_2_3;7.454;1863.1463222222221;249.95822222222225
22;sensor_zone_3_1;9.193;1361.5661055555556;148.11572777777778
22;sensor_zone_3_2;7.614;2103.3148333333334;276.24659444444444
22;sensor_zone_3_3;9.091;1402.01865;154.2151
23;sensor_network;7.34;29381.45351111111;4002.9359222222224
23;sensor_zone_1_1;8.872;1291.1516722222223;145.52592777777778
23;sensor_zone_1_2;7.544;2431.3297722222223;322.2728166666667
23;sensor_zone_1_3;8.751;1452.8639222222223;166.0272388888889
23;sensor_zone_2_1;7.242;1968.8868944444444;271.8713
23;sensor_zone_2_2;4.793;3671.148622222222;765.9435444444443
23;sensor_zone_2_3;7.435;2073.618911111111;278.90683333333334
23;sensor_zone_3_1;8.927;1353.2906833333334;151.59061666666668
23;sensor_zone_3_2;7.705;2441.4479666666666;316.8602388888889
23;sensor_zone_3_3;8.952;1415.6851444444444;158.13738333333333
24;sensor_network;7.087;29772.29687222222;4201.066533333334
24;sensor_zone_1_1;8.664;1287.765311111111;148.6255611111111
24;sensor_zone_1_2;7.514;2345.9104166666666;312.20893333333333
24;sensor_zone_1_3;8.497;1490.1821333333332;175.37094444444443
24;sensor_zone_2_1;6.861;1834.8850888888887;267.44940555555553
24;sensor_zone_2_2;4.499;4032.6617055555553;896.400388888889
24;sensor_zone_2_3;7.329;2130.079872222222;290.6477777777778
24;sensor_zone_3_1;8.469;1519.005088888889;179.36239444444445
24;sensor_zone_3_2;7.456;2170.5218055555556;291.1224722222222
24;sensor_zone_3_3;8.504;1475.953427777778;173.5635611111111
25;sensor_network;6.75;29478.640372222224;4367.059477777778
25;sensor_zone_1_1;8.705;1370.5210333333332;157.44157222222222
25;sensor_zone_1_2;7.412;2166.157866666667;292.25169999999997
25;sensor_zone_1_3;8.376;1565.5476;186.90820555555555
25;sensor_zone_2_1;6.782;1941.3945222222223;286.2627777777778
25;sensor_zone_2_2;3.922;3945.0925888888887;1005.8911555555555
25;sensor_zone_2_3;7.453;2135.6612555555557;286.5687388888889
25;sensor_zone_3_1;8.314;1559.4177222222222;187.55774999999997
25;sensor_zone_3_2;6.854;1985.8411333333331;289.7247277777778
25;sensor_zone_3_3;8.41;1624.58435;193.17218333333335
26;sensor_network;6.499;29543.986344444445;4545.85725
26;sensor_zone_1_1;8.548;1339.0141777777778;156.64489444444445
26;sensor_zone_1_2;7.222;1916.3007944444444;265.3521
26;sensor_zone_1_3;8.487;1469.7797666666668;173.17525555555554
26;sensor_zone_2_1;6.624;2140.6342555555557;323.14432222222223
26;sensor_zone_2_2;3.433;3662.2657777777777;1066.90455
26;sensor_zone_2_3;7.105;2209.316338888889;310.95889444444447
26;sensor_zone_3_1;8.713;1425.9305388888888;163.64740555555557
26;sensor_zone_3_2;6.475;2100.870722222222;324.4373888888889
26;sensor_zone_3_3;8.366;1581.2939666666666;189.00386111111112
27;sensor_network;6.387;29764.58983888889;4659.8522111111115
27;sensor_zone_1_1;8.279;1327.4454222222223;160.33139444444444
27;sensor_zone_1_2;7.289;1804.8154555555557;247.61427222222224
27;sensor_zone_1_3;8.537;1397.0079666666668;163.63331666666667
27;sensor_zone_2_1;6.769;2139.3731333333335;316.0566666666667
27;sensor_zone_2_2;3.365;3864.9668222222226;1148.5282444444445
27;sensor_zone_2_3;7.144;2151.6060222222222;301.18639444444443
27;sensor_zone_3_1;8.92;1337.0981277777778;149.90272777777778
27;sensor_zone_3_2;5.504;1828.8283333333331;332.2565666666667
27;sensor_zone_3_3;8.361;1507.5148166666668;180.30434444444444
28;sensor_network;6.24;29626.270205555556;4747.683644444444
28;sensor_zone_1_1;8.643;1521.9716777777778;176.09144444444445
28;sensor_zone_1_2;7.335;1890.0842833333331;257.66773333333333
28;sensor_zone_1_3;8.803;1414.485222222222;160.68005
28;sensor_zone_2_1;6.717;2001.662661111111;298.00765
28;sensor_zone_2_2;2.981;3696.4556999999995;1239.9341444444444
28;sensor_zone_2_3;7.107;2031.8317333333334;285.89152777777775
28;sensor_zone_3_1;8.827;1332.9800833333334;151.0192111111111
28;sensor_zone_3_2;5.605;2057.9862555555555;367.1459111111111
28;sensor_zone_3_3;8.304;1507.0817666666667;181.48103333333333
29;sensor_network;6.118;29595.90136111111;4837.354833333333
29;sensor_zone_1_1;8.387;1551.3682555555556;184.98265
29;sensor_zone_1_2;7.63;2035.1241222222222;266.7258
29;sensor_zone_1_3;8.938;1492.4014111111112;166.97772222222224
29;sensor_zone_2_1;6.571;1892.6255722222222;288.03107777777774
29;sensor_zone_2_2;2.56;3407.509916666667;1330.9373055555554
29;sensor_zone_2_3;7.474;2039.6512555555557;272.8874055555556
29;sensor_zone_3_1;8.839;1597.8455333333334;180.78054444444444
29;sensor_zone_3_2;5.512;2043.675288888889;370.7946611111111
29;sensor_zone_3_3;8.182;1400.9963055555554;171.22691666666668
30;sensor_network;5.993;29624.09815555555;4943.488355555555
30;sensor_zone_1_1;8.606;1486.4158833333333;172.72507222222222
30;sensor_zone_1_2;7.615;2018.576977777778;265.0929111111111
30;sensor_zone_1_3;8.712;1660.4858444444444;190.60367222222223
30;sensor_zone_2_1;6.203;1939.2657388888888;312.61938888888886
30;sensor_zone_2_2;2.633;3733.0868444444445;1417.66015
30;sensor_zone_2_3;7.547;1927.6661277777778;255.40820000000002
30;sensor_zone_3_1;8.977;1528.7322888888887;170.29944444444445
30;sensor_zone_3_2;5.147;1909.7836222222224;371.04990555555554
30;sensor_zone_3_3;8.115;1357.1073111111111;167.23650555555557
31;sensor_network;5.873;29591.686305555555;5038.74905
31;sensor_zone_1_1;8.912;1385.2534611111112;155.44471666666666
31;sensor_zone_1_2;7.125;2094.83365;294.0194888888889
31;sensor_zone_1_3;8.584;1575.0490166666666;183.48361111111112
31;sensor_zone_2_1;5.783;1984.8013388888887;343.1918388888889
31;sensor_zone_2_2;2.595;3787.1969833333337;1459.1930111111112
31;sensor_zone_2_3;7.287;1925.6997277777778;264.2608611111111
31;sensor_zone_3_1;8.897;1506.9584222222222;169.38044444444444
31;sensor_zone_3_2;5.33;1974.1794555555557;370.3976222222222
31;sensor_zone_3_3;8.349;1541.4184388888889;184.63247777777775
32;sensor_network;5.761;29873.575249999998;5185.726283333333
32;sensor_zone_1_1;8.896;1380.8748444444445;155.2256388888889
32;sensor_zone_1_2;7.036;2167.4398444444446;308.0544555555556
32;sensor_zone_1_3;8.592;1614.8131444444443;187.94946666666667
32;sensor_zone_2_1;5.496;2019.0144722222221;367.37864444444443
32;sensor_zone_2_2;2.332;3516.0976055555557;1507.9719833333334
32;sensor_zone_2_3;7.168;1997.1568444444445;278.62123888888885
32;sensor_zone_3_1;8.868;1481.0923277777779;167.02318333333332
32;sensor_zone_3_2;5.359;1995.8592333333333;372.45491111111113
32;sensor_zone_3_3;8.389;1439.3592888888888;171.5819222222222
33;sensor_network;5.63;29916.89996111111;5314.1819888888895
33;sensor_zone_1_1;8.795;1500.3725222222222;170.59804444444444
33;sensor_zone_1_2;7.07;2232.172888888889;315.7217111111111
33;sensor_zone_1_3;8.599;1619.731277777778;188.35315000000003
33;sensor_zone_2_1;5.161;2030.8636722222222;393.51183888888886
33;sensor_zone_2_2;2.281;3551.7999666666665;1557.4565277777776
33;sensor_zone_2_3;6.888;1946.5052277777777;282.6082333333334
33;sensor_zone_3_1;8.643;1331.302361111111;154.03145555555557
33;sensor_zone_3_2;5.42;2127.5980055555556;392.57680555555555
33;sensor_zone_3_3;8.322;1422.51375;170.94170555555556
34;sensor_network;5.598;30457.985088888887;5440.596927777778
34;sensor_zone_1_1;8.82;1535.9004055555554;174.12995555555557
34;sensor_zone_1_2;6.932;2162.690322222222;312.0075111111111
34;sensor_zone_1_3;8.6;1733.1537666666668;201.52670555555557
34;sensor_zone_2_1;5.088;1995.5568777777778;392.1729388888889
34;sensor_zone_2_2;2.411;3934.0635111111114;1632.000588888889
34;sensor_zone_2_3;6.418;1896.5262722222221;295.4913222222222
34;sensor_zone_3_1;8.494;1426.1743555555554;167.89783333333332
34;sensor_zone_3_2;5.395;2149.8194000000003;398.4605388888889
34;sensor_zone_3_3;8.395;1435.7398444444443;171.01621666666668
35;sensor_network;5.471;30369.10752777778;5550.647938888888
35;sensor_zone_1_1;8.581;1337.7007722222222;155.8836611111111
35;sensor_zone_1_2;6.732;1926.540522222222;286.18218333333334
35;sensor_zone_1_3;8.492;1662.5688444444445;195.7780611111111
35;sensor_zone_2_1;5.031;1876.8238055555555;373.0728111111111
35;sensor_zone_2_2;2.318;3891.6148666666663;1679.1028333333334
35;sensor_zone_2_3;5.942;2151.1481944444445;362.0362111111111
35;sensor_zone_3_1;8.696;1395.9463722222222;160.52036111111113
35;sensor_zone_3_2;5.312;2147.07555;404.1997277777778
35;sensor_zone_3_3;8.869;1590.542661111111;179.33358888888887
36;sensor_network;5.279;29682.253077777776;5623.093627777778
36;sensor_zone_1_1;8.415;1244.2442666666666;147.86855555555556
36;sensor_zone_1_2;6.441;1906.5657388888887;296.00724444444444
36;sensor_zone_1_3;8.446;1483.1068;175.60705555555555
36;sensor_zone_2_1;4.959;2086.6459055555556;420.8104888888889
36;sensor_zone_2_2;2.206;3753.764272222222;1701.2907
36;sensor_zone_2_3;5.824;2375.036466666667;407.7746
36;sensor_zone_3_1;8.857;1403.5434444444445;158.46060555555556
36;sensor_zone_3_2;4.856;2045.7452055555555;421.30538333333334
36;sensor_zone_3_3;8.869;1503.547738888889;169.5222222222222
37;sensor_network;5.064;27575.43857222222;5445.814316666667
37;sensor_zone_1_1;8.718;1403.9758666666667;161.03853333333333
37;sensor_zone_1_2;6.32;2008.2589;317.76956666666666
37;sensor_zone_1_3;8.47;1503.7271166666667;177.5305222222222
37;sensor_zone_2_1;4.848;2265.9398555555554;467.3999888888889
37;sensor_zone_2_2;2.234;3823.344088888889;1711.4830833333335
37;sensor_zone_2_3;5.113;1971.429111111111;385.5722
37;sensor_zone_3_1;8.776;1521.8175222222221;173.3981
37;sensor_zone_3_2;4.687;2115.32935;451.27167777777777
37;sensor_zone_3_3;8.749;1671.0053777777778;191.00077222222222
38;sensor_network;4.761;24825.28258888889;5213.913961111111
38;sensor_zone_1_1;8.469;1443.3099333333334;170.41742777777776
38;sensor_zone_1_2;6.391;1970.3404555555555;308.29962777777774
38;sensor_zone_1_3;8.455;1381.7591111111112;163.43397222222222
38;sensor_zone_2_1;4.657;2075.343494444445;445.65257222222226
38;sensor_zone_2_2;2.189;3757.6002444444443;1716.858538888889
38;sensor_zone_2_3;5.02;1934.0066166666666;385.2605666666667
38;sensor_zone_3_1;8.699;1521.0825444444445;174.84779444444445
38;sensor_zone_3_2;4.235;1937.709988888889;457.5118555555556
38;sensor_zone_3_3;8.555;1428.3169944444444;166.95002222222223
39;sensor_network;4.351;21647.013894444444;4975.074961111111
39;sensor_zone_1_1;7.961;1223.7714888888888;153.7133388888889
39;sensor_zone_1_2;5.934;1724.3906055555556;290.5793444444444
39;sensor_zone_1_3;8.265;1015.7559666666666;122.90462222222222
39;sensor_zone_2_1;4.068;1617.058511111111;397.4744388888889
39;sensor_zone_2_2;2.125;3754.9534666666664;1767.0077277777777
39;sensor_zone_2_3;4.418;1444.7434944444444;326.9845666666667
39;sensor_zone_3_1;8.135;1112.3029555555556;136.73235
39;sensor_zone_3_2;3.311;1345.0822333333333;406.23465
39;sensor_zone_3_3;8.626;1114.3711944444444;129.19162777777777
40;sensor_network;4.081;19261.62571111111;4719.3774
40;sensor_zone_1_1;7.778;1169.9457444444445;150.41830555555555
40;sensor_zone_1_2;5.441;1245.0762;228.85229444444445
40;sensor_zone_1_3;7.735;898.3229833333332;116.14008333333334
40;sensor_zone_2_1;3.974;1340.49505;337.27736111111113
40;sensor_zone_2_2;1.921;3475.24435;1809.0100055555554
40;sensor_zone_2_3;3.887;1084.6013888888888;279.04839444444445
40;sensor_zone_3_1;7.681;929.5150111111111;121.01760555555556
40;sensor_zone_3_2;2.892;1021.5171222222222;353.21905
40;sensor_zone_3_3;8.359;981.7292944444443;117.43975555555555
41;sensor_network;4.051;17942.513233333335;4429.428133333334
41;sensor_zone_1_1;7.868;1292.2586833333332;164.24101666666667
41;sensor_zone_1_2;5.598;954.5903111111111;170.53261666666666
41;sensor_zone_1_3;7.388;941.0030444444445;127.37203333333333
41;sensor_zone_2_1;3.999;1101.2910333333334;275.38145
41;sensor_zone_2_2;1.718;3006.989138888889;1749.802738888889
41;sensor_zone_2_3;4.114;1089.8995944444443;264.9419888888889
41;sensor_zone_3_1;7.713;1048.2216555555556;135.90365555555556
41;sensor_zone_3_2;3.157;964.5852444444445;305.52191666666664
41;sensor_zone_3_3;8.097;941.0061444444444;116.22251666666666
42;sensor_network;4.25;17646.080677777776;4152.140961111111
42;sensor_zone_1_1;7.703;1195.575211111111;155.21757222222223
42;sensor_zone_1_2;5.895;927.68745;157.37750555555556
42;sensor_zone_1_3;7.839;970.7482555555555;123.83040555555557
42;sensor_zone_2_1;4.027;943.2302722222222;234.20752777777778
42;sensor_zone_2_2;1.888;3087.591511111111;1635.18255
42;sensor_zone_2_3;4.288;1010.9701111111111;235.76233333333334
42;sensor_zone_3_1;7.779;999.5835555555556;128.49286666666666
42;sensor_zone_3_2;3.452;990.5608777777778;286.9839
42;sensor_zone_3_3;8.229;1040.5464222222222;126.4524888888889
43;sensor_network;4.335;16882.95157222222;3894.906233333333
43;sensor_zone_1_1;8.129;1032.8551666666667;127.05696666666667
43;sensor_zone_1_2;6.197;939.2614111111111;151.55835
43;sensor_zone_1_3;8.448;1011.7469277777777;119.75656666666667
43;sensor_zone_2_1;4.565;934.241761111111;204.67450555555556
43;sensor_zone_2_2;1.752;2660.2187777777776;1518.7146000000002
43;sensor_zone_2_3;4.671;968.4685611111111;207.3184222222222
43;sensor_zone_3_1;8.126;861.2861277777778;105.98578333333333
43;sensor_zone_3_2;3.766;1127.1259166666666;299.2985611111111
43;sensor_zone_3_3;8.425;1076.4681611111112;127.76883333333333
44;sensor_network;4.574;16605.89247777778;3630.3599
44;sensor_zone_1_1;8.487;914.076361111111;107.70717777777779
44;sensor_zone_1_2;6.712;873.5384833333333;130.13885
44;sensor_zone_1_3;8.613;858.8710111111111;99.7149888888889
44;sensor_zone_2_1;4.907;902.4007055555556;183.88285
44;sensor_zone_2_2;2.07;2985.464377777778;1442.2564722222223
44;sensor_zone_2_3;5.518;917.5003944444444;166.2836111111111
44;sensor_zone_3_1;7.945;734.2796555555555;92.42269999999999
44;sensor_zone_3_2;3.739;959.6059444444445;256.6249555555556
44;sensor_zone_3_3;8.25;1035.8868833333333;125.5578111111111
45;sensor_network;4.75;15980.8644;3364.0838999999996
45;sensor_zone_1_1;8.379;773.0753555555556;92.2587777777778
45;sensor_zone_1_2;7.166;860.2687722222222;120.05512777777777
45;sensor_zone_1_3;8.512;800.3528611111112;94.02460555555555
45;sensor_zone_2_1;5.462;982.2398555555556;179.83951666666667
45;sensor_zone_2_2;2.05;2769.3596000000002;1350.9540055555556
45;sensor_zone_2_3;6.792;937.1146666666667;137.98074444444444
45;sensor_zone_3_1;8.029;794.4796611111111;98.95337777777777
45;sensor_zone_3_2;3.859;844.8277277777778;218.91701666666668
45;sensor_zone_3_3;8.402;930.9478333333333;110.80322777777776
46;sensor_network;5.034;15497.50005;3078.6680833333335
46;sensor_zone_1_1;9.11;810.5157833333333;88.96563333333333
46;sensor_zone_1_2;7.076;795.7210666666666;112.45242222222222
46;sensor_zone_1_3;8.549;835.4256166666667;97.71657777777779
46;sensor_zone_2_1;6.276;928.4455722222223;147.92978333333335
46;sensor_zone_2_2;2.259;2871.015605555556;1270.85855
46;sensor_zone_2_3;7.161;826.425561111111;115.4095
46;sensor_zone_3_1;8.559;934.5627777777777;109.19615555555556
46;sensor_zone_3_2;4.316;800.8458999999999;185.54917222222224
46;sensor_zone_3_3;8.582;850.8146222222223;99.13424444444445
47;sensor_network;5.212;14896.186416666667;2857.9961833333336
47;sensor_zone_1_1;8.938;891.5248055555555;99.74515
47;sensor_zone_1_2;7.017;793.9666277777777;113.14556666666667
47;sensor_zone_1_3;8.592;728.7250555555556;84.81046666666667
47;sensor_zone_2_1;7.161;823.8046222222222;115.04041666666667
47;sensor_zone_2_2;2.435;2884.26615;1184.408761111111
47;sensor_zone_2_3;7.319;712.9528388888889;97.41357222222221
47;sensor_zone_3_1;8.918;875.8018388888889;98.2072388888889
47;sensor_zone_3_2;4.441;725.4212611111111;163.3414
47;sensor_zone_3_3;8.514;875.3186666666666;102.80944444444445
48;sensor_network;5.58;14616.853266666667;2619.5032666666666
48;sensor_zone_1_1;8.34;768.5970944444446;92.15828333333334
48;sensor_zone_1_2;7.219;770.8532166666666;106.78631111111112
48;sensor_zone_1_3;9.154;730.6844111111111;79.82034444444444
48;sensor_zone_2_1;7.129;735.706361111111;103.2013388888889
48;sensor_zone_2_2;2.875;3093.03925;1075.8120111111111
48;sensor_zone_2_3;7.287;697.5028111111111;95.71223888888889
48;sensor_zone_3_1;9.085;802.4885777777777;88.33235
48;sensor_zone_3_2;5.484;782.1120555555556;142.61482777777778
48;sensor_zone_3_3;8.358;787.2529444444444;94.18648333333333
49;sensor_network;5.678;13821.485511111112;2434.29595
49;sensor_zone_1_1;8.758;635.1915722222221;72.52844444444445
49;sensor_zone_1_2;7.354;724.7844388888889;98.56109444444444
49;sensor_zone_1_3;9.035;807.3626833333333;89.35731111111112
49;sensor_zone_2_1;6.783;777.5359444444445;114.63315
49;sensor_zone_2_2;2.774;2696.0130055555555;971.7940111111111
49;sensor_zone_2_3;6.442;598.6766555555555;92.94051111111112
49;sensor_zone_3_1;9.344;880.2754222222222;94.2114
49;sensor_zone_3_2;6.568;817.321688888889;124.44263333333333
49;sensor_zone_3_3;8.85;692.0542333333334;78.19952777777779
50;sensor_network;6.024;13526.479611111112;2245.2463666666667
50;sensor_zone_1_1;9.209;646.9045277777778;70.2435
50;sensor_zone_1_2;7.305;693.5177555555555;94.94210555555557
50;sensor_zone_1_3;9.011;778.8283944444445;86.43234444444444
50;sensor_zone_2_1;6.782;815.3262444444443;120.21063333333333
50;sensor_zone_2_2;2.906;2396.4696222222224;824.6299055555555
50;sensor_zone_2_3;6.93;707.6322;102.11315555555555
50;sensor_zone_3_1;9.246;842.9342833333334;91.1648888888889
50;sensor_zone_3_2;6.959;777.0946833333334;111.66431111111112
50;sensor_zone_3_3;8.989;666.6169500000001;74.16015555555555
51;sensor_network;6.484;13541.810538888889;2088.542138888889
51;sensor_zone_1_1;9.497;904.0546444444445;95.19052222222223
51;sensor_zone_1_2;7.222;654.0975222222222;90.56661111111111
51;sensor_zone_1_3;9.478;898.204111111111;94.76397222222222
51;sensor_zone_2_1;7.124;791.8194111111111;111.15528888888889
51;sensor_zone_2_2;3.253;2188.5585833333334;672.8121
51;sensor_zone_2_3;7.213;778.9613055555556;107.99165555555555
51;sensor_zone_3_1;8.863;641.5371277777778;72.38237777777778
51;sensor_zone_3_2;7.115;688.8881333333334;96.82647222222222
51;sensor_zone_3_3;9.126;719.9551333333334;78.89102777777778
52;sensor_network;6.803;13048.360655555556;1918.0618277777778
52;sensor_zone_1_1;9.194;981.7538555555554;106.78205
52;sensor_zone_1_2;7.07;664.8791666666667;94.03766666666667
52;sensor_zone_1_3;9.489;845.2480277777777;89.07801111111111
52;sensor_zone_2_1;7.05;759.89365;107.7825388888889
52;sensor_zone_2_2;3.394;1716.2903000000001;505.6983888888889
52;sensor_zone_2_3;6.991;803.1656833333334;114.88472222222222
52;sensor_zone_3_1;8.777;607.2377111111111;69.18645555555555
52;sensor_zone_3_2;6.907;655.8957666666666;94.96457222222222
52;sensor_zone_3_3;9.204;695.7518833333334;75.59416666666667
53;sensor_network;7.274;12704.790533333335;1746.635911111111
53;sensor_zone_1_1;9.192;957.956811111111;104.21263333333334
53;sensor_zone_1_2;6.878;701.9136777777778;102.04963333333333
53;sensor_zone_1_3;9.165;729.288988888889;79.57606111111112
53;sensor_zone_2_1;7.326;606.3733222222222;82.76878888888889
53;sensor_zone_2_2;4.248;1534.1182999999999;361.15686666666664
53;sensor_zone_2_3;7.16;829.1814499999999;115.80381111111112
53;sensor_zone_3_1;9.374;615.4892;65.65625555555556
53;sensor_zone_3_2;6.949;692.4585888888889;99.64801666666666
53;sensor_zone_3_3;8.987;765.6161833333333;85.19345
54;sensor_network;7.662;12261.215866666667;1600.2040444444444
54;sensor_zone_1_1;9.229;944.1464333333333;102.30304444444444
54;sensor_zone_1_2;6.662;778.9397055555555;116.92851111111112
54;sensor_zone_1_3;9.067;533.6713277777778;58.856661111111116
54;sensor_zone_2_1;7.196;545.4741;75.80535
54;sensor_zone_2_2;4.983;1129.0997833333333;226.58122777777777
54;sensor_zone_2_3;7.237;708.3598944444444;97.88546666666666
54;sensor_zone_3_1;9.706;786.8140833333333;81.06178888888888
54;sensor_zone_3_2;7.347;662.48035;90.1651111111111
54;sensor_zone_3_3;9.206;895.01365;97.21808333333334
55;sensor_network;7.874;11405.184116666667;1448.4297777777776
55;sensor_zone_1_1;9.382;772.0614388888889;82.28902777777778
55;sensor_zone_1_2;6.871;813.5871333333333;118.4126611111111
55;sensor_zone_1_3;9.271;458.66063888888885;49.474022222222224
55;sensor_zone_2_1;7.276;541.2558888888889;74.38766111111111
55;sensor_zone_2_2;5.762;1041.344438888889;180.7349888888889
55;sensor_zone_2_3;7.2;471.42535555555554;65.47905555555555
55;sensor_zone_3_1;9.476;783.9093666666666;82.72267222222223
55;sensor_zone_3_2;7.738;611.038311111111;78.96817222222222
55;sensor_zone_3_3;8.997;837.843788888889;93.12871666666668
56;sensor_network;8.025;10520.61166111111;1311.0091055555556
56;sensor_zone_1_1;9.117;452.08486666666664;49.58698333333333
56;sensor_zone_1_2;6.928;708.6367333333333;102.29179444444445
56;sensor_zone_1_3;8.874;539.5072;60.79702777777778
56;sensor_zone_2_1;7.514;579.2596333333333;77.0886
56;sensor_zone_2_2;6.728;987.2308555555555;146.7386277777778
56;sensor_zone_2_3;7.478;464.27574444444446;62.085205555555554
56;sensor_zone_3_1;9.136;698.5156722222222;76.45389444444444
56;sensor_zone_3_2;7.681;556.3559222222223;72.43005555555555
56;sensor_zone_3_3;9.057;602.5703888888888;66.53415000000001
57;sensor_network;8.033;9476.293483333333;1179.6892277777777
57;sensor_zone_1_1;8.957;390.0580666666667;43.54848888888889
57;sensor_zone_1_2;7.333;521.9643277777777;71.18186666666666
57;sensor_zone_1_3;8.825;564.5377222222222;63.96841666666667
57;sensor_zone_2_1;7.709;558.5645111111111;72.45822222222222
57;sensor_zone_2_2;6.866;981.977211111111;143.0198111111111
57;sensor_zone_2_3;7.684;556.2767888888889;72.39057777777778
57;sensor_zone_3_1;8.953;646.3106333333334;72.18802222222222
57;sensor_zone_3_2;7.486;542.7710111111112;72.50240555555555
57;sensor_zone_3_3;8.951;427.28642777777776;47.73816666666667
58;sensor_network;7.919;8451.70345;1067.2295444444444
58;sensor_zone_1_1;8.496;372.1879277777778;43.80978888888889
58;sensor_zone_1_2;7.486;517.9525555555556;69.19187222222223
58;sensor_zone_1_3;8.647;454.99718333333334;52.61845
58;sensor_zone_2_1;7.424;483.59926666666667;65.13601666666666
58;sensor_zone_2_2;6.979;1116.6825333333334;160.01695555555554
58;sensor_zone_2_3;8.169;597.1930277777777;73.10630555555555
58;sensor_zone_3_1;8.314;446.89327777777777;53.75438333333334
58;sensor_zone_3_2;7.35;506.32647777777777;68.88957222222221
58;sensor_zone_3_3;9.015;398.1013555555556;44.15792777777778
59;sensor_network;7.909;8005.222516666667;1012.163038888889
59;sensor_zone_1_1;8.315;353.74882777777776;42.544666666666664
59;sensor_zone_1_2;7.919;592.4099611111111;74.8067
59;sensor_zone_1_3;8.517;374.51263888888883;43.97458888888889
59;sensor_zone_2_1;7.556;508.1319277777778;67.24440555555556
59;sensor_zone_2_2;6.836;1176.0804944444444;172.05474444444445
59;sensor_zone_2_3;8.094;510.18354444444446;63.03178888888889
59;sensor_zone_3_1;8.773;363.4440333333333;41.428216666666664
59;sensor_zone_3_2;7.295;470.99628333333334;64.56844444444444
59;sensor_zone_3_3;8.771;421.3107388888889;48.033627777777774
60;sensor_network;7.864;7656.639611111111;973.6410666666666
60;sensor_zone_1_1;8.597;387.22057777777775;45.04038888888889
60;sensor_zone_1_2;7.563;501.90935;66.36686666666667
60;sensor_zone_1_3;8.723;429.66855555555554;49.25588888888888
60;sensor_zone_2_1;7.899;509.32854999999995;64.48025
60;sensor_zone_2_2;6.692;1142.8381444444444;170.7894611111111
60;sensor_zone_2_3;7.721;490.0543444444445;63.474072222222226
60;sensor_zone_3_1;8.84;343.36858333333333;38.84387777777778
60;sensor_zone_3_2;8.001;564.1419666666667;70.50939444444445
60;sensor_zone_3_3;8.994;408.98224444444446;45.47313333333333
61;sensor_network;7.69;6832.911094444445;888.5161666666667
61;sensor_zone_1_1;8.617;438.49483333333336;50.88601666666667
61;sensor_zone_1_2;7.258;519.6565111111112;71.59859444444444
61;sensor_zone_1_3;8.699;451.5926388888889;51.91361666666666
61;sensor_zone_2_1;7.632;433.9001944444445;56.853116666666665
61;sensor_zone_2_2;6.763;1073.6585166666666;158.7486
61;sensor_zone_2_3;7.637;448.5871666666667;58.73995000000001
61;sensor_zone_3_1;8.698;394.44309444444445;45.34892222222222
61;sensor_zone_3_2;7.485;502.6671666666667;67.1589388888889
61;sensor_zone_3_3;8.91;372.1229611111111;41.76467222222222
62;sensor_network;7.479;5893.352027777778;787.9439777777777
62;sensor_zone_1_1;8.613;346.84146111111113;40.27136111111111
62;sensor_zone_1_2;7.018;409.31362222222225;58.32147222222222
62;sensor_zone_1_3;8.944;397.38554444444446;44.431
62;sensor_zone_2_1;7.639;457.02390555555553;59.831044444444444
62;sensor_zone_2_2;6.852;1051.8096166666667;153.50952222222222
62;sensor_zone_2_3;7.682;445.0921777777778;57.93868888888889
62;sensor_zone_3_1;7.891;365.81458333333336;46.36020555555555
62;sensor_zone_3_2;6.949;421.1488277777778;60.60635555555556
62;sensor_zone_3_3;8.738;314.21571666666665;35.959672222222224
63;sensor_network;7.309;5003.943211111111;684.6521333333334
63;sensor_zone_1_1;8.542;232.15648888888887;27.178994444444445
63;sensor_zone_1_2;7.027;251.28004444444446;35.75695
63;sensor_zone_1_3;8.729;242.5979;27.792594444444447
63;sensor_zone_2_1;6.955;313.7712611111111;45.113455555555554
63;sensor_zone_2_2;6.834;1052.1165722222222;153.94201111111113
63;sensor_zone_2_3;7.349;344.4597777777778;46.87338888888888
63;sensor_zone_3_1;7.963;329.03458333333333;41.32024444444445
63;sensor_zone_3_2;7.174;331.4545;46.20296111111111
63;sensor_zone_3_3;8.068;244.50861666666665;30.307444444444446
64;sensor_network;7.147;4048.539627777778;566.4921944444444
64;sensor_zone_1_1;8.59;236.14197777777775;27.491455555555557
64;sensor_zone_1_2;6.47;167.2318;25.846916666666665
64;sensor_zone_1_3;8.221;223.46904444444445;27.184166666666666
64;sensor_zone_2_1;6.292;154.30670555555554;24.52253888888889
64;sensor_zone_2_2;6.627;852.6029166666666;128.6542611111111
64;sensor_zone_2_3;6.864;207.31918333333334;30.203094444444442
64;sensor_zone_3_1;8.256;299.86234444444443;36.31934444444445
64;sensor_zone_3_2;6.881;211.27056666666664;30.701711111111113
64;sensor_zone_3_3;8.009;200.25947777777776;25.003866666666667
65;sensor_network;7.208;3197.936122222222;443.69472222222225
65;sensor_zone_1_1;8.087;214.13976666666667;26.47975
65;sensor_zone_1_2;6.843;144.19866666666667;21.072616666666665
65;sensor_zone_1_3;8.387;197.31550000000001;23.525233333333336
65;sensor_zone_2_1;6.369;142.76656111111112;22.416694444444445
65;sensor_zone_2_2;5.867;348.0335277777778;59.32301111111111
65;sensor_zone_2_3;6.223;129.5388111111111;20.816633333333336
65;sensor_zone_3_1;8.538;244.85184999999998;28.67741666666667
65;sensor_zone_3_2;6.91;183.20099444444443;26.5141
65;sensor_zone_3_3;8.367;255.49651111111112;30.535522222222223
66;sensor_network;7.224;2462.646588888889;340.8964555555556
66;sensor_zone_1_1;8.292;186.52683333333334;22.49427222222222
66;sensor_zone_1_2;5.417;92.86687222222223;17.14481111111111
66;sensor_zone_1_3;8.623;190.98234444444444;22.148805555555555
66;sensor_zone_2_1;6.084;113.64096666666667;18.67814444444444
66;sensor_zone_2_2;5.649;31.320866666666667;5.544311111111111
66;sensor_zone_2_3;5.98;104.87990555555557;17.539194444444444
66;sensor_zone_3_1;8.205;239.14912777777778;29.14808888888889
66;sensor_zone_3_2;5.929;120.74360000000001;20.365483333333334
66;sensor_zone_3_3;8.484;201.36971111111112;23.734816666666667
67;sensor_network;7.368;1750.6356444444446;237.5893
67;sensor_zone_1_1;9.011;144.08183888888888;15.988927777777779
67;sensor_zone_1_2;5.48;32.23148333333334;5.881694444444444
67;sensor_zone_1_3;9.404;112.0489611111111;11.915622222222222
67;sensor_zone_2_1;5.721;50.473216666666666;8.821805555555555
67;sensor_zone_2_2;0.0;0.0;0.0
67;sensor_zone_2_3;5.625;80.43451666666667;14.298716666666666
67;sensor_zone_3_1;7.944;137.30690555555555;17.283577777777776
67;sensor_zone_3_2;4.957;47.57470555555555;9.598044444444444
67;sensor_zone_3_3;9.452;90.5441;9.57981111111111
68;sensor_network;7.293;1018.14215;139.60340555555555
68;sensor_zone_1_1;9.242;37.02540555555556;4.006161111111111
68;sensor_zone_1_2;2.225;0.4006722222222222;0.18007777777777778
68;sensor_zone_1_3;9.879;31.683277777777775;3.2072777777777777
68;sensor_zone_2_1;4.47;5.2438111111111105;1.1731277777777778
68;sensor_zone_2_2;0.0;0.0;0.0
68;sensor_zone_2_3;4.526;6.944466666666666;1.5344944444444444
68;sensor_zone_3_1;8.096;24.422216666666664;3.0165555555555557
68;sensor_zone_3_2;2.209;0.4222222222222222;0.1911111111111111
68;sensor_zone_3_3;9.168;41.37452777777778;4.513172222222222
69;sensor_network;7.252;324.6133722222222;44.75963888888889
69;sensor_zone_1_1;0.0;0.0;0.0
69;sensor_zone_1_2;0.0;0.0;0.0
69;sensor_zone_1_3;0.0;0.0;0.0
69;sensor_zone_2_1;0.0;0.0;0.0
69;sensor_zone_2_2;0.0;0.0;0.0
69;sensor_zone_2_3;0.0;0.0;0.0
69;sensor_zone_3_1;0.0;0.0;0.0
69;sensor_zone_3_2;0.0;0.0;0.0
69;sensor_zone_3_3;0.0;0.0;0.0
